ID	city	category	name	address	coordinates	website	opening_hours	ypage	rating	n_reviews	phone	social	stops	tags
1	Чебоксары	Пункты выдачи	Ozon	просп. Тракторостроителей, 39Б, Чебоксары	[47.303359, 56.101941]	www.ozon.ru	'mon': 08:00-20:00, 'tue': 08:00-20:00, 'wed': 08:00-20:00, 'thu': 08:00-20:00, 'fri': 08:00-20:00, 'sat': 08:00-20:00, 'sun': 08:00-20:00	https://yandex.ru/maps/org/ozon/7663687185/?ll=47.303359%2C56.101941&z=13	4,3	3 отзыва	+7(495)232-10-00	https://ok.ru/ozon, https://t.me/ozonru, https://vk.com/ozon	"остановка Школа № 56 (252 м)
остановка Больничный комплекс (260 м)
остановка Школа № 46 (930 м)
"	Пункт выдачи
2	Чебоксары	Пункты выдачи	Ozon	Ярмарочная ул., 15, Чебоксары	[47.264497, 56.132994]	www.ozon.ru	'mon': 09:00-21:00, 'tue': 09:00-21:00, 'wed': 09:00-21:00, 'thu': 09:00-21:00, 'fri': 09:00-21:00, 'sat': 09:00-21:00, 'sun': 09:00-21:00	https://yandex.ru/maps/org/ozon/238954048617/?ll=47.264733%2C56.133212&z=16	4,5	11 отзывов	+7(495)232-10-00	https://ok.ru/ozon, https://t.me/ozonru, https://vk.com/ozon	"остановка Гостиница Россия (720 м)
остановка Улица Патриса Лумумбы (880 м)
остановка Гимназическая (1,28 км)
остановка Национальная библиотека (1,33 км)
остановка Хлопчатобумажный комбинат (1,34 км)
"	Пункт выдачи
3	Чебоксары	Пункты выдачи	Ozon	ул. Академика Королёва, 2, Чебоксары	[47.197937, 56.119831]	www.ozon.ru	'mon': 09:00-21:00, 'tue': 09:00-21:00, 'wed': 09:00-21:00, 'thu': 09:00-21:00, 'fri': 09:00-21:00, 'sat': 09:00-21:00, 'sun': 09:00-21:00	https://yandex.ru/maps/org/ozon/175729593486/?ll=47.197937%2C56.119831&z=14	4,4	12 отзывов	+7(996)854-44-51		"остановка Улица Академика Королёва (219 м)
остановка Улица Яноушека (430 м)
остановка Улица Эльменя (780 м)
остановка Микрорайон Садовый (1,22 км)
остановка Улица Академика В.Н. Челомея (1,44 км)
"	Пункт выдачи
4	Чебоксары	Пункты выдачи	Ozon	ул. Афанасьева, 19, Чебоксары	[47.219143, 56.152048]	www.ozon.ru	'mon': 09:00-21:00, 'tue': 09:00-21:00, 'wed': 09:00-21:00, 'thu': 09:00-21:00, 'fri': 09:00-21:00, 'sat': 09:00-21:00, 'sun': 09:00-21:00	https://yandex.ru/maps/org/ozon/133875798556/?ll=47.219143%2C56.152048&z=13	4,9	23 отзыва	+7(495)232-10-00	https://ok.ru/ozon, https://vk.com/ozon	"остановка Кооперативный техникум (680 м)
остановка Улица Афанасьева (710 м)
остановка Республиканская больница (890 м)
остановка Театр юного зрителя имени М. Сеспеля (1,73 км)
"	Пункт выдачи
5	Чебоксары	Пункты выдачи	Лабиринт	просп. Ленина, 26, Чебоксары	[47.251252, 56.124713]	www.labirint.ru	'mon': 09:00-19:45, 'tue': 09:00-19:45, 'wed': 09:00-19:45, 'thu': 09:00-19:45, 'fri': 09:00-19:45, 'sat': 09:00-19:45, 'sun': 09:00-18:45	https://yandex.ru/maps/org/labirint/1359478848/?ll=47.251252%2C56.124713&z=13	4,4	8 отзывов	8(800)600-95-25 {Продавец}, 8(800)500-95-25 {Продавец}, +7(495)745-95-25, +7(987)127-65-30 {продавец}	http://ok.ru/labirintru, http://vk.com/labirint_ru, https://www.youtube.com/user/labirintruTV	"остановка Кинотеатр Мир Луксор (69 м)
остановка Русский драмтеатр (370 м)
остановка Торговый комплекс Центральный (390 м)
остановка Гимназическая (450 м)
остановка ТК Центральный (620 м)
"	Пункт выдачи
6	Чебоксары	Пункты выдачи	Wildberries	ул. Космонавта Андрияна Григорьевича Николаева, 47, Чебоксары	[47.279412, 56.127636]	www.wildberries.ru	'mon': 10:00-21:00, 'tue': 10:00-21:00, 'wed': 10:00-21:00, 'thu': 10:00-21:00, 'fri': 10:00-21:00, 'sat': 10:00-21:00, 'sun': 10:00-21:00	https://yandex.ru/maps/org/wildberries/27350344998/?ll=47.279412%2C56.127636&z=14	4,3	19 отзывов		http://youtube.com/Wildberriesshop, https://ok.ru/wildberries, https://vk.com/club9695053	"остановка Улица 50 лет Октября (208 м)
остановка Агрегатный завод (500 м)
остановка Школа № 33 (670 м)
остановка Гостиница Россия (730 м)
остановка Завод Энергозапчасть (740 м)
"	Пункт выдачи
7	Чебоксары	Пункты выдачи	Ozon	Солнечный бул., 4А, Чебоксары	[47.320123, 56.101183]	www.ozon.ru	'mon': 09:00-21:00, 'tue': 09:00-21:00, 'wed': 09:00-21:00, 'thu': 09:00-21:00, 'fri': 09:00-21:00, 'sat': 09:00-21:00, 'sun': 09:00-21:00	https://yandex.ru/maps/org/ozon/68626520880/?ll=47.320123%2C56.101183&z=14	4,9	20 отзывов	+7(495)232-10-00	https://ok.ru/ozon, https://vk.com/ozon	"остановка Микрорайон Солнечный (169 м)
остановка Улица Гастелло (550 м)
остановка Улица Баумана (770 м)
остановка Школа № 56 (1,08 км)
остановка Кочаково (1,27 км)
"	Пункт выдачи
8	Чебоксары	Пункты выдачи	Wildberries	ул. Фёдора Гладкова, 30, Чебоксары	[47.237195, 56.110959]	www.wildberries.ru	'mon': 10:00-21:00, 'tue': 10:00-21:00, 'wed': 10:00-21:00, 'thu': 10:00-21:00, 'fri': 10:00-21:00, 'sat': 10:00-21:00, 'sun': 10:00-21:00	https://yandex.ru/maps/org/wildberries/234396506807/?ll=47.236975%2C56.110932&z=16	4,7	21 отзыв	+7(495)775-55-05	http://youtube.com/Wildberriesshop, https://ok.ru/wildberries, https://t.me/wildberriesru_official, https://vk.com/club9695053	"остановка Улица Строителей (81 м)
остановка По требованию (193 м)
остановка Республиканская детская больница (490 м)
остановка Госархив (810 м)
остановка Ярмарка (930 м)
"	Пункт выдачи
9	Чебоксары	Пункты выдачи	Ozon	просп. Максима Горького, 15, Чебоксары	[47.188618, 56.147929]	www.ozon.ru	'mon': 09:00-21:00, 'tue': 09:00-21:00, 'wed': 09:00-21:00, 'thu': 09:00-21:00, 'fri': 09:00-21:00, 'sat': 09:00-21:00, 'sun': 09:00-21:00	https://yandex.ru/maps/org/ozon/86693072957/?ll=47.188618%2C56.147929&z=13	4,5	12 отзывов	+7(917)067-60-89	https://ok.ru/ozon, https://vk.com/ozon	"остановка Кооперативный институт (138 м)
остановка Сквер Максима Горького (255 м)
остановка Институт образования (500 м)
остановка Улица Кривова (1,06 км)
"	Пункт выдачи
10	Чебоксары	Пункты выдачи	Ситилинк мини, пункт выдачи	просп. Ленина, 26, Чебоксары	[47.251514, 56.124802]	www.citilink.ru	'mon': 10:00-19:00, 'tue': 10:00-19:00, 'wed': 10:00-19:00, 'thu': 10:00-19:00, 'fri': 10:00-19:00, 'sat': выходной, 'sun': выходной	https://yandex.ru/maps/org/sitilink_mini_punkt_vydachi/1397205920/?ll=47.251514%2C56.124802&z=13	4,1	1 отзыв	+7(8352)35-51-51, +7(8352)35-51-51, +7(917)654-82-33, +7(999)333-51-30, +7(495)120-37-23	https://ok.ru/citilink.ru, https://vk.com/citilink_ru, https://www.youtube.com/user/CitilinkTV	"остановка Кинотеатр Мир Луксор (12 м)
остановка Русский драмтеатр (360 м)
остановка Торговый комплекс Центральный (380 м)
остановка Гимназическая (390 м)
остановка ТК Центральный (610 м)
"	Пункт выдачи
11	Чебоксары	Пункты выдачи	Авито	ул. Спиридона Михайлова, 1, Чебоксары	[47.216271, 56.144798]	www.avito.ru	'mon': 09:00-21:00, 'tue': 09:00-21:00, 'wed': 09:00-21:00, 'thu': 09:00-21:00, 'fri': 09:00-21:00, 'sat': 09:00-21:00, 'sun': 09:00-21:00	https://yandex.ru/maps/org/avito/43165686248/?ll=47.216026%2C56.144888&z=16	4,3	12 отзывов	8(800)600-00-01		"остановка Улица Афанасьева (228 м)
остановка Кооперативный техникум (630 м)
остановка Театр юного зрителя имени М. Сеспеля (820 м)
"	Пункт выдачи
12	Чебоксары	Пункты выдачи	KazanExpress	просп. Ленина, 34, Чебоксары	[47.2538, 56.122056]	kazanexpress.ru	'mon': 10:00-20:00, 'tue': 10:00-20:00, 'wed': 10:00-20:00, 'thu': 10:00-20:00, 'fri': 10:00-20:00, 'sat': 10:00-20:00, 'sun': 10:00-20:00	https://yandex.ru/maps/org/kazanexpress/142711208326/?ll=47.253800%2C56.122056&z=13	5,0	66 отзывов	+7(903)389-45-99, 8(800)700-96-16	https://ok.ru/kazanexpress, https://t.me/kazanexpress, https://vk.com/kazanexpress	"остановка Торговый комплекс Центральный (310 м)
остановка Русский драмтеатр (310 м)
остановка Кинотеатр Мир Луксор (340 м)
остановка Школьный проезд (380 м)
остановка Улица Космонавта Николаева (530 м)
"	Пункт выдачи
13	Чебоксары	Пункты выдачи	Wildberries	ул. Гузовского, 16, Чебоксары	[47.186644, 56.143522]	www.wildberries.ru	'mon': 10:00-21:00, 'tue': 10:00-21:00, 'wed': 10:00-21:00, 'thu': 10:00-21:00, 'fri': 10:00-21:00, 'sat': 10:00-21:00, 'sun': 10:00-21:00	https://yandex.ru/maps/org/wildberries/77091676053/?ll=47.186644%2C56.143522&z=13	4,9	44 отзыва		http://youtube.com/Wildberriesshop, https://ok.ru/wildberries, https://vk.com/club9695053	"остановка Магазин Природа (150 м)
остановка Роща (470 м)
остановка Покровско-Татианинский собор (560 м)
остановка Кооперативный институт (650 м)
остановка Чебоксары – Роща (780 м)
"	Пункт выдачи
14	Чебоксары	Пункты выдачи	Wildberries	ул. Академика Королёва, 4, Чебоксары	[47.198307, 56.119716]	www.wildberries.ru	'mon': 10:00-21:00, 'tue': 10:00-21:00, 'wed': 10:00-21:00, 'thu': 10:00-21:00, 'fri': 10:00-21:00, 'sat': 10:00-21:00, 'sun': 10:00-21:00	https://yandex.ru/maps/org/wildberries/148561389508/?ll=47.198307%2C56.119716&z=14	4,4	11 отзывов	8(800)100-75-05	https://ok.ru/wildberries, https://t.me/wildberriesru_official, https://vk.com/club9695053, https://www.youtube.com/channel/UCtnVdR1jFU2tqJvpoh9Iwxw	"остановка Улица Академика Королёва (214 м)
остановка Улица Яноушека (450 м)
остановка Улица Эльменя (780 м)
остановка Микрорайон Садовый (1,19 км)
остановка Улица Академика В.Н. Челомея (1,41 км)
"	Пункт выдачи
15	Чебоксары	Пункты выдачи	Wildberries	ул. Ленинского Комсомола, 23, корп. 1, Чебоксары	[47.284934, 56.107903]	www.wildberries.ru	'mon': 10:00-21:00, 'tue': 10:00-21:00, 'wed': 10:00-21:00, 'thu': 10:00-21:00, 'fri': 10:00-21:00, 'sat': 10:00-21:00, 'sun': 10:00-21:00	https://yandex.ru/maps/org/wildberries/7601382176/?ll=47.284934%2C56.107903&z=14	4,6	20 отзывов		http://youtube.com/Wildberriesshop, https://ok.ru/wildberries, https://t.me/wildberriesru_official, https://vk.com/club9695053	"остановка Универсам Звёздный (77 м)
остановка Улица Ленинского Комсомола (440 м)
остановка Малая Кувшинка (710 м)
остановка Хевешская улица (790 м)
остановка Микрохирургия глаза (1,13 км)
"	Пункт выдачи
16	Чебоксары	Пункты выдачи	Ozon	ул. Гузовского, 16, Чебоксары	[47.186876, 56.143459]	www.ozon.ru	'mon': 09:00-21:00, 'tue': 09:00-21:00, 'wed': 09:00-21:00, 'thu': 09:00-21:00, 'fri': 09:00-21:00, 'sat': 09:00-21:00, 'sun': 09:00-21:00	https://yandex.ru/maps/org/ozon/29349935708/?ll=47.186876%2C56.143459&z=13	4,7	18 отзывов	+7(495)232-10-00, +7(919)977-32-47	https://ok.ru/ozon, https://vk.com/ozon	"остановка Магазин Природа (206 м)
остановка Роща (490 м)
остановка Покровско-Татианинский собор (580 м)
остановка Кооперативный институт (710 м)
остановка Чебоксары – Роща (800 м)
"	Пункт выдачи
17	Чебоксары	Пункты выдачи	Wildberries	просп. Мира, 90, корп. 1, Чебоксары	[47.264926, 56.10893]	www.wildberries.ru	'mon': 10:00-21:00, 'tue': 10:00-21:00, 'wed': 10:00-21:00, 'thu': 10:00-21:00, 'fri': 10:00-21:00, 'sat': 10:00-21:00, 'sun': 10:00-21:00	https://yandex.ru/maps/org/wildberries/155620082546/?ll=47.264926%2C56.108930&z=14	4,5	28 отзывов		http://youtube.com/Wildberriesshop, https://ok.ru/wildberries, https://vk.com/club9695053	"остановка Таможня (231 м)
остановка Проспект И.Я. Яковлева (380 м)
остановка Дом печати (470 м)
остановка Новый автовокзал (570 м)
остановка Пригородный автовокзал Чебоксары (620 м)
"	Пункт выдачи
18	Чебоксары	Пункты выдачи	Ozon	ул. Энтузиастов, 23, Чебоксары	[47.186781, 56.119579]	www.ozon.ru	'mon': 09:00-21:00, 'tue': 09:00-21:00, 'wed': 09:00-21:00, 'thu': 09:00-21:00, 'fri': 09:00-21:00, 'sat': 09:00-21:00, 'sun': 09:00-21:00	https://yandex.ru/maps/org/ozon/4843856332/?ll=47.186921%2C56.119429&z=16	4,2	1 отзыв	+7(495)232-10-00	https://ok.ru/ozon, https://t.me/ozonru, https://vk.com/ozon	"остановка Институт культуры (142 м)
остановка ДК Салют (340 м)
остановка Улица Мате Залки (680 м)
"	Пункт выдачи
19	Чебоксары	Пункты выдачи	Ozon	Привокзальная ул., 1Г, Чебоксары	[47.261889, 56.111676]	www.ozon.ru	'mon': 09:00-21:00, 'tue': 09:00-21:00, 'wed': 09:00-21:00, 'thu': 09:00-21:00, 'fri': 09:00-21:00, 'sat': 09:00-21:00, 'sun': 09:00-21:00	https://yandex.ru/maps/org/ozon/21127509306/?ll=47.261889%2C56.111676&z=14	4,3	5 отзывов	+7(495)232-10-00	https://ok.ru/ozon, https://vk.com/ozon	"остановка Пригородный автовокзал (56 м)
остановка Пригородный автовокзал Чебоксары (86 м)
остановка Железнодорожный вокзал Чебоксары (137 м)
остановка Чебоксары – Пегас (167 м)
остановка Чебоксары (299 м)
"	Пункт выдачи
20	Чебоксары	Пункты выдачи	Ozon	просп. 9-й Пятилетки, 2, Чебоксары	[47.268064, 56.09428]	www.ozon.ru	'mon': 09:00-21:00, 'tue': 09:00-21:00, 'wed': 09:00-21:00, 'thu': 09:00-21:00, 'fri': 09:00-21:00, 'sat': 09:00-21:00, 'sun': 09:00-21:00	https://yandex.ru/maps/org/ozon/117769189660/?ll=47.268064%2C56.094280&z=13	4,4	4 отзыва	+7(495)232-10-00	https://ok.ru/ozon, https://vk.com/ozon	"остановка Дорисс-парк (132 м)
остановка Питомник (196 м)
остановка Газопровод (600 м)
остановка Улица Хузангая (610 м)
остановка Предприятие ВТИ (700 м)
"	Пункт выдачи
21	Чебоксары	Пункты выдачи	Ozon	ул. Мате Залка, 11, Чебоксары	[47.18082, 56.116983]	www.ozon.ru	'mon': 09:00-21:00, 'tue': 09:00-21:00, 'wed': 09:00-21:00, 'thu': 09:00-21:00, 'fri': 09:00-21:00, 'sat': 09:00-21:00, 'sun': 09:00-21:00	https://yandex.ru/maps/org/ozon/42486228347/?ll=47.179976%2C56.117540&z=16	4,4	10 отзывов	+7(495)232-10-00	https://ok.ru/ozon, https://vk.com/ozon	"остановка ДК Салют (190 м)
остановка Улица Чернышевского (233 м)
остановка Хлебозавод (248 м)
остановка Улица Мате Залки (830 м)
"	Пункт выдачи
22	Чебоксары	Пункты выдачи	Ozon	бул. Анатолия Миттова, 24А, Чебоксары	[47.1873, 56.111111]	www.ozon.ru	'mon': 09:00-21:00, 'tue': 09:00-21:00, 'wed': 09:00-21:00, 'thu': 09:00-21:00, 'fri': 09:00-21:00, 'sat': 09:00-21:00, 'sun': 09:00-21:00	https://yandex.ru/maps/org/ozon/109678273491/?ll=47.187300%2C56.111111&z=14	4,4	13 отзывов	+7(495)232-10-00	https://ok.ru/ozon, https://t.me/ozonru, https://vk.com/ozon	"остановка Тополиная улица (191 м)
остановка Улица Чернышевского (420 м)
остановка Фруктовая улица (490 м)
остановка Лицей № 4 (590 м)
остановка Хлебозавод (970 м)
"	Пункт выдачи
23	Чебоксары	Пункты выдачи	Wildberries	Эгерский бул., 48, Чебоксары	[47.28881, 56.090496]	www.wildberries.ru	'mon': 10:00-21:00, 'tue': 10:00-21:00, 'wed': 10:00-21:00, 'thu': 10:00-21:00, 'fri': 10:00-21:00, 'sat': 10:00-21:00, 'sun': 10:00-21:00	https://yandex.ru/maps/org/wildberries/10181991796/?ll=47.288810%2C56.090496&z=13	4,4	32 отзыва		http://youtube.com/Wildberriesshop, https://ok.ru/wildberries, https://vk.com/club9695053	"остановка Кукшумская улица (224 м)
остановка Микрорайон Рябинка (450 м)
остановка Кинотеатр Луч (950 м)
остановка Эгерский бульвар (980 м)
остановка Универмаг Шупашкар (1,05 км)
"	Пункт выдачи
24	Чебоксары	Пункты выдачи	Ozon	ул. Фёдора Гладкова, 34, Чебоксары	[47.236138, 56.110908]	www.ozon.ru	'mon': 09:00-21:00, 'tue': 09:00-21:00, 'wed': 09:00-21:00, 'thu': 09:00-21:00, 'fri': 09:00-21:00, 'sat': 09:00-21:00, 'sun': 09:00-21:00	https://yandex.ru/maps/org/ozon/193926623398/?ll=47.236121%2C56.110992&z=16	4,3	8 отзывов	+7(495)232-10-00	https://ok.ru/ozon, https://t.me/ozonru, https://vk.com/ozon	"остановка Медицинский центр (130 м)
остановка По требованию (260 м)
остановка Улица Строителей (272 м)
остановка Госархив (870 м)
остановка Ярмарка (1 000 м)
"	Пункт выдачи
25	Чебоксары	Пункты выдачи	Ozon	ул. Ашмарина, 1А, Чебоксары	[47.271781, 56.080031]	www.ozon.ru	'mon': 09:00-21:00, 'tue': 09:00-21:00, 'wed': 09:00-21:00, 'thu': 09:00-21:00, 'fri': 09:00-21:00, 'sat': 09:00-21:00, 'sun': 09:00-21:00	https://yandex.ru/maps/org/ozon/158814336657/?ll=47.271781%2C56.080031&z=17	4,6	11 отзывов	+7(927)859-99-62, +7(495)232-10-00	https://ok.ru/ozon, https://viber.click/79278599962, https://vk.com/ozon, https://wa.me/79278599962	"остановка Улица Сапожникова (156 м)
остановка Улица Ашмарина (215 м)
остановка Улица Никитина (640 м)
остановка Школа № 15 (1,37 км)
остановка Улица Бичурина (1,57 км)
"	Пункт выдачи
26	Чебоксары	Пункты выдачи	Wildberries	ул. Академика Алексея Николаевича Крылова, 7, Чебоксары	[47.229658, 56.140793]	www.wildberries.ru	'mon': 10:00-21:00, 'tue': 10:00-21:00, 'wed': 10:00-21:00, 'thu': 10:00-21:00, 'fri': 10:00-21:00, 'sat': 10:00-21:00, 'sun': 10:00-21:00	https://yandex.ru/maps/org/wildberries/177374073457/?ll=47.229658%2C56.140793&z=13	4,4	19 отзывов		http://youtube.com/Wildberriesshop, https://ok.ru/wildberries, https://vk.com/club9695053	"остановка Улица Урукова (550 м)
остановка Театр оперы и балета (850 м)
остановка Республиканская больница (990 м)
остановка Улица Афанасьева (1,06 км)
остановка Кооперативный техникум (1,1 км)
"	Пункт выдачи
27	Чебоксары	Пункты выдачи	Ozon	просп. Геннадия Айги, 10, Чебоксары	[47.213798, 56.120628]	www.ozon.ru	'mon': 09:00-21:00, 'tue': 09:00-21:00, 'wed': 09:00-21:00, 'thu': 09:00-21:00, 'fri': 09:00-21:00, 'sat': 09:00-21:00, 'sun': 09:00-21:00	https://yandex.ru/maps/org/ozon/18759704792/?ll=47.213798%2C56.120628&z=16	4,5	11 отзывов	+7(927)995-25-34, +7(495)232-10-00	https://ok.ru/ozon, https://t.me/ozonru, https://viber.click/79279952534, https://vk.com/ozon	"остановка Микрорайон Апельсиновый (340 м)
остановка Микрорайон Садовый (540 м)
остановка Техникум связи (1,08 км)
остановка Кошкино (1,11 км)
остановка Улица Яноушека (1,23 км)
"	Пункт выдачи
28	Чебоксары	Пункты выдачи	Wildberries	Пролетарская ул., 16, корп. 1, Чебоксары	[47.295072, 56.105228]	www.wildberries.ru	'mon': 10:00-21:00, 'tue': 10:00-21:00, 'wed': 10:00-21:00, 'thu': 10:00-21:00, 'fri': 10:00-21:00, 'sat': 10:00-21:00, 'sun': 10:00-21:00	https://yandex.ru/maps/org/wildberries/189651972085/?ll=47.295072%2C56.105228&z=13	4,4	15 отзывов		http://youtube.com/Wildberriesshop, https://ok.ru/wildberries, https://vk.com/club9695053	"остановка Новоюжная автостанция (370 м)
остановка Пролетарская улица (490 м)
остановка Больничный комплекс (670 м)
остановка Школа № 46 (760 м)
остановка Улица Шумилова (970 м)
"	Пункт выдачи
29	Чебоксары	Пункты выдачи	Ozon	ул. Патриса Лумумбы, 6, Чебоксары	[47.276159, 56.131877]	www.ozon.ru	'mon': 09:00-21:00, 'tue': 09:00-21:00, 'wed': 09:00-21:00, 'thu': 09:00-21:00, 'fri': 09:00-21:00, 'sat': 09:00-21:00, 'sun': 09:00-21:00	https://yandex.ru/maps/org/ozon/98238264860/?ll=47.276159%2C56.131877&z=13	4,4	14 отзывов	+7(495)232-10-00	https://ok.ru/ozon, https://vk.com/ozon	"остановка Улица Патриса Лумумбы (296 м)
остановка АО Чебоксарский трикотаж (540 м)
остановка Якимовка (560 м)
остановка Гостиница Россия (760 м)
остановка Завод Энергозапчасть (860 м)
"	Пункт выдачи
30	Чебоксары	Пункты выдачи	Ozon	ул. Композиторов Воробьёвых, 13, Чебоксары	[47.248807, 56.143471]	www.ozon.ru	'mon': 09:00-21:00, 'tue': 09:00-21:00, 'wed': 09:00-21:00, 'thu': 09:00-21:00, 'fri': 09:00-21:00, 'sat': 09:00-21:00, 'sun': 09:00-21:00	https://yandex.ru/maps/org/ozon/35572874373/?ll=47.248823%2C56.143303&z=16	4,3	2 отзыва	+7(495)232-10-00	https://ok.ru/ozon, https://vk.com/ozon	"остановка Национальный конгресс (217 м)
остановка Дом мод (221 м)
остановка Филармония (258 м)
остановка Улица Дзержинского (271 м)
остановка Деловой центр Республика (380 м)
"	Пункт выдачи
31	Чебоксары	Пункты выдачи	Wildberries	ул. Ленинского Комсомола, 24А, Чебоксары	[47.274552, 56.10377]	www.wildberries.ru	'mon': 10:00-21:00, 'tue': 10:00-21:00, 'wed': 10:00-21:00, 'thu': 10:00-21:00, 'fri': 10:00-21:00, 'sat': 10:00-21:00, 'sun': 10:00-21:00	https://yandex.ru/maps/org/wildberries/97084478579/?ll=47.274552%2C56.103770&z=14	4,4	7 отзывов		http://youtube.com/Wildberriesshop, https://ok.ru/wildberries, https://t.me/wildberriesru_official, https://vk.com/club9695053	"остановка Магазин Надежда (269 м)
остановка Улица Хузангая (310 м)
остановка Улица Ленинского Комсомола (450 м)
остановка Улица Шумилова (690 м)
остановка Хевешская улица (830 м)
"	Пункт выдачи
32	Чебоксары	Пункты выдачи	KazanExpress	ул. Карла Маркса, 20, Чебоксары	[47.250576, 56.143717]	kazanexpress.ru	'mon': 10:00-20:00, 'tue': 10:00-20:00, 'wed': 10:00-20:00, 'thu': 10:00-20:00, 'fri': 10:00-20:00, 'sat': 10:00-20:00, 'sun': 10:00-20:00	https://yandex.ru/maps/org/kazanexpress/217131639417/?ll=47.250576%2C56.143717&z=13	4,8	80 отзывов	+7(903)065-45-44, 8(800)700-96-16	https://t.me/kazanexpress, https://vk.com/kazanexpress	"остановка Национальный конгресс (104 м)
остановка Дом мод (144 м)
остановка Улица Дзержинского (166 м)
остановка Деловой центр Республика (263 м)
остановка Филармония (370 м)
"	Пункт выдачи
33	Чебоксары	Пункты выдачи	Wildberries	ул. Герцена, 12, корп. 3, Чебоксары	[47.236522, 56.150374]	www.wildberries.ru	'mon': 10:00-21:00, 'tue': 10:00-21:00, 'wed': 10:00-21:00, 'thu': 10:00-21:00, 'fri': 10:00-21:00, 'sat': 10:00-21:00, 'sun': 10:00-21:00	https://yandex.ru/maps/org/wildberries/142195454566/?ll=47.236522%2C56.150374&z=13	4,5	16 отзывов		http://youtube.com/Wildberriesshop, https://ok.ru/wildberries, https://vk.com/club9695053	"остановка Ликёро-водочный завод (440 м)
остановка Кирпичный завод (480 м)
остановка Театр оперы и балета (850 м)
остановка Ярославская улица (1,62 км)
остановка Национальный конгресс (1,74 км)
"	Пункт выдачи
34	Чебоксары	Пункты выдачи	Ozon	Радужная ул., 5, Чебоксары	[47.215503, 56.138494]	www.ozon.ru	'mon': 09:00-21:00, 'tue': 09:00-21:00, 'wed': 09:00-21:00, 'thu': 09:00-21:00, 'fri': 09:00-21:00, 'sat': 09:00-21:00, 'sun': 09:00-21:00	https://yandex.ru/maps/org/ozon/244495212644/?ll=47.216236%2C56.138744&z=16	4,4	18 отзывов	+7(495)232-10-00	https://ok.ru/ozon, https://vk.com/ozon	"остановка Фабрика Рассвет (380 м)
остановка Студенческий городок (1,02 км)
остановка Театр юного зрителя имени М. Сеспеля (1,04 км)
остановка Протопопиха (1,48 км)
остановка Улица Грибоедова (1,58 км)
"	Пункт выдачи
35	Чебоксары	Пункты выдачи	KazanExpress	ул. Энтузиастов, 34, Чебоксары	[47.184272, 56.11907]	kazanexpress.ru	'mon': 10:00-20:00, 'tue': 10:00-20:00, 'wed': 10:00-20:00, 'thu': 10:00-20:00, 'fri': 10:00-20:00, 'sat': 10:00-20:00, 'sun': 10:00-20:00	https://yandex.ru/maps/org/kazanexpress/106142487013/?ll=47.183615%2C56.118792&z=16	4,9	78 отзывов	+7(965)686-68-22, 8(800)700-96-16	https://t.me/kazanexpress, https://vk.com/kazanexpress	"остановка ДК Салют (191 м)
остановка Институт культуры (330 м)
остановка Хлебозавод (550 м)
остановка Улица Мате Залки (760 м)
"	Пункт выдачи
36	Чебоксары	Пункты выдачи	KazanExpress	ул. Мичмана Павлова, 35, Чебоксары	[47.165428, 56.13695]	kazanexpress.ru	'mon': 10:00-20:00, 'tue': 10:00-20:00, 'wed': 10:00-20:00, 'thu': 10:00-20:00, 'fri': 10:00-20:00, 'sat': 10:00-20:00, 'sun': 10:00-20:00	https://yandex.ru/maps/org/kazanexpress/8087785197/?ll=47.165428%2C56.136950&z=14	4,9	69 отзывов	+7(967)795-39-52, 8(800)700-96-16	https://t.me/kazanexpress, https://vk.com/kazanexpress	"остановка Улица Мичмана Павлова (42 м)
остановка Бульвар Юности (223 м)
остановка Магазин Акатуй (860 м)
остановка ОАО Контур (950 м)
остановка Покровско-Татианинский собор (1,19 км)
"	Пункт выдачи
37	Чебоксары	Пункты выдачи	Wildberries	ул. Филиппа Лукина, 5, Чебоксары	[47.152946, 56.133564]	www.wildberries.ru	'mon': 10:00-21:00, 'tue': 10:00-21:00, 'wed': 10:00-21:00, 'thu': 10:00-21:00, 'fri': 10:00-21:00, 'sat': 10:00-21:00, 'sun': 10:00-21:00	https://yandex.ru/maps/org/wildberries/162020569389/?ll=47.152946%2C56.133564&z=14	4,7	16 отзывов		http://youtube.com/Wildberriesshop, https://ok.ru/wildberries, https://vk.com/club9695053	"остановка Улица Академика РАН Х.М. Миначева (246 м)
остановка Улица Мичмана Павлова (910 м)
остановка ОАО Контур (960 м)
остановка Бульвар Юности (1,04 км)
остановка Заовражный (1,41 км)
"	Пункт выдачи
38	Чебоксары	Пункты выдачи	Wildberries	бул. Анатолия Миттова, 12, Чебоксары	[47.192508, 56.114213]	www.wildberries.ru	'mon': 10:00-21:00, 'tue': 10:00-21:00, 'wed': 10:00-21:00, 'thu': 10:00-21:00, 'fri': 10:00-21:00, 'sat': 10:00-21:00, 'sun': 10:00-21:00	https://yandex.ru/maps/org/wildberries/17711325938/?ll=47.192508%2C56.114213&z=14	4,6	24 отзыва	8(800)100-75-05	http://youtube.com/Wildberriesshop, https://ok.ru/wildberries, https://vk.com/club9695053	"остановка Бульвар Анатолия Миттова (217 м)
остановка Улица Мате Залки (410 м)
остановка Улица Чернышевского (610 м)
остановка Лицей № 4 (830 м)
остановка Институт культуры (930 м)
"	Пункт выдачи
39	Чебоксары	Пункты выдачи	Ozon	ул. Космонавта Андрияна Григорьевича Николаева, 15, Чебоксары	[47.262626, 56.119726]	www.ozon.ru	'mon': 09:00-21:00, 'tue': 09:00-21:00, 'wed': 09:00-21:00, 'thu': 09:00-21:00, 'fri': 09:00-21:00, 'sat': 09:00-21:00, 'sun': 09:00-21:00	https://yandex.ru/maps/org/ozon/45934759325/?ll=47.262626%2C56.119726&z=13	4,4	8 отзывов	+7(495)232-10-00	https://ok.ru/ozon, https://t.me/ozonru, https://vk.com/ozon	"остановка Парк Николаева (74 м)
остановка Детский парк им. А.Г. Николаева (275 м)
остановка Улица Николаева (430 м)
остановка Улица Космонавта Николаева (440 м)
остановка Русский драмтеатр (850 м)
"	Пункт выдачи
40	Чебоксары	Пункты выдачи	KazanExpress	Привокзальная ул., 12, Чебоксары	[47.261428, 56.112074]	kazanexpress.ru	'mon': 10:00-20:00, 'tue': 10:00-20:00, 'wed': 10:00-20:00, 'thu': 10:00-20:00, 'fri': 10:00-20:00, 'sat': 10:00-20:00, 'sun': 10:00-20:00	https://yandex.ru/maps/org/kazanexpress/203382102793/?ll=47.261428%2C56.112074&z=13	4,9	65 отзывов	+7(962)601-33-03, 8(800)700-96-16	https://t.me/kazanexpress, https://vk.com/kazanexpress	"остановка Пригородный автовокзал Чебоксары (207 м)
остановка Пригородный автовокзал (260 м)
остановка Чебоксары – Пегас (289 м)
остановка Железнодорожный вокзал Чебоксары (320 м)
остановка Чебоксары (360 м)
"	Пункт выдачи
41	Чебоксары	Пункты выдачи	Ozon	Хевешская ул., 31А, Чебоксары	[47.274997, 56.108453]	www.ozon.ru	'mon': 08:00-20:00, 'tue': 08:00-20:00, 'wed': 08:00-20:00, 'thu': 08:00-20:00, 'fri': 08:00-20:00, 'sat': 08:00-20:00, 'sun': 08:00-20:00	https://yandex.ru/maps/org/ozon/38231109233/?ll=47.274997%2C56.108453&z=14	4,4	6 отзывов	+7(495)232-10-00	https://ok.ru/ozon, https://vk.com/ozon	"остановка Хевешская улица (227 м)
остановка Магазин Надежда (430 м)
остановка Новый автовокзал (480 м)
остановка Улица Ленинского Комсомола (490 м)
остановка Таможня (690 м)
"	Пункт выдачи
42	Чебоксары	Пункты выдачи	Ozon	просп. Мира, 35, Чебоксары	[47.263777, 56.105425]	www.ozon.ru	'mon': 09:00-21:00, 'tue': 09:00-21:00, 'wed': 09:00-21:00, 'thu': 09:00-21:00, 'fri': 09:00-21:00, 'sat': 09:00-21:00, 'sun': 09:00-21:00	https://yandex.ru/maps/org/ozon/37729134445/?ll=47.263777%2C56.105425&z=14	4,7	13 отзывов	+7(495)232-10-00	https://ok.ru/ozon, https://vk.com/ozon	"остановка Проспект И.Я. Яковлева (188 м)
остановка Проспект И. Яковлева (299 м)
остановка Дом печати (400 м)
остановка Межрегиональный торгово-выставочный центр (460 м)
остановка Электромеханический колледж (550 м)
"	Пункт выдачи
43	Чебоксары	Пункты выдачи	Ozon	ул. Юрия Гагарина, 7, Чебоксары	[47.253898, 56.123807]	www.ozon.ru	'mon': 09:00-21:00, 'tue': 09:00-21:00, 'wed': 09:00-21:00, 'thu': 09:00-21:00, 'fri': 09:00-21:00, 'sat': 09:00-21:00, 'sun': 09:00-21:00	https://yandex.ru/maps/org/ozon/32654227150/?ll=47.253898%2C56.123807&z=13	4,3	17 отзывов	+7(495)232-10-00	https://ok.ru/ozon, https://t.me/ozonru, https://vk.com/ozon	"остановка Русский драмтеатр (101 м)
остановка Кинотеатр Мир Луксор (252 м)
остановка Торговый комплекс Центральный (283 м)
остановка Школьный проезд (420 м)
остановка Будайка (430 м)
"	Пункт выдачи
44	Чебоксары	Пункты выдачи	Ozon	ул. Эльменя, 34, Чебоксары	[47.182492, 56.123562]	www.ozon.ru	'mon': 09:00-21:00, 'tue': 09:00-21:00, 'wed': 09:00-21:00, 'thu': 09:00-21:00, 'fri': 09:00-21:00, 'sat': 09:00-21:00, 'sun': 09:00-21:00	https://yandex.ru/maps/org/ozon/229575357338/?ll=47.182492%2C56.123562&z=13	4,5	21 отзыв	+7(495)232-10-00	https://ok.ru/ozon, https://vk.com/ozon	"остановка Микрорайон Финская долина (490 м)
остановка Улица Эльменя (690 м)
остановка ДК Салют (840 м)
остановка Улица Яноушека (1,38 км)
остановка ОАО Контур (1,61 км)
"	Пункт выдачи
45	Чебоксары	Пункты выдачи	Wildberries	ул. Байдула, 6, Чебоксары	[47.261672, 56.130439]	www.wildberries.ru	'mon': 10:00-21:00, 'tue': 10:00-21:00, 'wed': 10:00-21:00, 'thu': 10:00-21:00, 'fri': 10:00-21:00, 'sat': 10:00-21:00, 'sun': 10:00-21:00	https://yandex.ru/maps/org/wildberries/19115794881/?ll=47.261672%2C56.130439&z=13	4,6	56 отзывов		http://youtube.com/Wildberriesshop, https://ok.ru/wildberries, https://vk.com/club9695053	"остановка Стадион Олимпийский (650 м)
остановка Гостиница Россия (710 м)
остановка Гимназическая (850 м)
остановка Национальная библиотека (1,05 км)
остановка Русский драмтеатр (1,15 км)
"	Пункт выдачи
46	Чебоксары	Пункты выдачи	Ozon	просп. Тракторостроителей, 72, Чебоксары	[47.327516, 56.106719]	www.ozon.ru	'mon': 09:00-21:00, 'tue': 09:00-21:00, 'wed': 09:00-21:00, 'thu': 09:00-21:00, 'fri': 09:00-21:00, 'sat': 09:00-21:00, 'sun': 09:00-21:00	https://yandex.ru/maps/org/ozon/205518071998/?ll=47.328316%2C56.106725&z=16	4,5	17 отзывов	+7(495)232-10-00	https://ok.ru/ozon, https://vk.com/ozon	"остановка Школа № 53 (214 м)
остановка Улица Тани Юн (450 м)
остановка ТЦ Лента (550 м)
остановка Пятино (690 м)
"	Пункт выдачи
47	Чебоксары	Пункты выдачи	Wildberries	ул. П.В. Дементьева, 2, Чебоксары	[47.208093, 56.11926]	www.wildberries.ru	'mon': 10:00-21:00, 'tue': 10:00-21:00, 'wed': 10:00-21:00, 'thu': 10:00-21:00, 'fri': 10:00-21:00, 'sat': 10:00-21:00, 'sun': 10:00-21:00	https://yandex.ru/maps/org/wildberries/18473435355/?ll=47.208345%2C56.119218&z=16	4,6	56 отзывов		http://youtube.com/Wildberriesshop, https://ok.ru/wildberries, https://t.me/wildberriesru_official, https://vk.com/club9695053	"остановка Микрорайон Садовый (570 м)
остановка Микрорайон Апельсиновый (740 м)
остановка Техникум связи (820 м)
остановка Улица Яноушека (1,01 км)
остановка Кошкино (1,16 км)
"	Пункт выдачи
48	Чебоксары	Пункты выдачи	Ozon	ул. Пирогова, 1, корп. 1, Чебоксары	[47.221613, 56.140535]	www.ozon.ru	'mon': 09:00-21:00, 'tue': 09:00-21:00, 'wed': 09:00-21:00, 'thu': 09:00-21:00, 'fri': 09:00-21:00, 'sat': 09:00-21:00, 'sun': 09:00-21:00	https://yandex.ru/maps/org/ozon/32775364224/?ll=47.221613%2C56.140535&z=14	4,7	15 отзывов	+7(495)232-10-00, +7(927)858-38-73	https://ok.ru/ozon, https://vk.com/ozon	"остановка Улица Академика Крылова (400 м)
остановка Улица Афанасьева (900 м)
остановка Кооперативный техникум (1,04 км)
остановка Театр юного зрителя имени М. Сеспеля (1,4 км)
остановка Спасо-Преображенский монастырь (1,57 км)
"	Пункт выдачи
49	Чебоксары	Пункты выдачи	Wildberries	ул. Декабристов, 37, Чебоксары	[47.27832, 56.132903]	www.wildberries.ru	'mon': 09:00-21:00, 'tue': 09:00-21:00, 'wed': 09:00-21:00, 'thu': 09:00-21:00, 'fri': 09:00-21:00, 'sat': 09:00-21:00, 'sun': 09:00-21:00	https://yandex.ru/maps/org/wildberries/123707860722/?ll=47.278320%2C56.132903&z=13	4,4	18 отзывов		http://youtube.com/Wildberriesshop, https://ok.ru/wildberries, https://vk.com/club9695053	"остановка АО Чебоксарский трикотаж (320 м)
остановка Улица Патриса Лумумбы (490 м)
остановка Якимовка (580 м)
остановка Завод Энергозапчасть (740 м)
остановка Складской проезд (1,01 км)
"	Пункт выдачи
50	Чебоксары	Пункты выдачи	Wildberries	просп. Тракторостроителей, 63/21, Чебоксары	[47.317008, 56.105484]	www.wildberries.ru	'mon': 10:00-21:00, 'tue': 10:00-21:00, 'wed': 10:00-21:00, 'thu': 10:00-21:00, 'fri': 10:00-21:00, 'sat': 10:00-21:00, 'sun': 10:00-21:00	https://yandex.ru/maps/org/wildberries/73380516970/?ll=47.317008%2C56.105484&z=14	4,7	45 отзывов		http://youtube.com/Wildberriesshop, https://ok.ru/wildberries, https://t.me/wildberriesru_official, https://vk.com/club9695053	"остановка Улица Гастелло (83 м)
остановка Улица Баумана (430 м)
остановка Микрорайон Солнечный (530 м)
остановка Кочаково (660 м)
остановка Школа № 56 (810 м)
"	Пункт выдачи
51	Чебоксары	Пункты выдачи	KazanExpress	просп. Тракторостроителей, 39Б, Чебоксары	[47.303776, 56.102046]	kazanexpress.ru	'mon': 10:00-20:00, 'tue': 10:00-20:00, 'wed': 10:00-20:00, 'thu': 10:00-20:00, 'fri': 10:00-20:00, 'sat': 10:00-20:00, 'sun': 10:00-20:00	https://yandex.ru/maps/org/kazanexpress/9961220121/?ll=47.303776%2C56.102046&z=13	4,9	50 отзывов	8(800)700-96-16	https://t.me/kazanexpress, https://vk.com/kazanexpress	"остановка Школа № 56 (219 м)
остановка Больничный комплекс (289 м)
остановка Школа № 46 (980 м)
"	Пункт выдачи
52	Чебоксары	Пункты выдачи	Wildberries	ул. Эльменя, 34, Чебоксары	[47.182437, 56.123547]	www.wildberries.ru	'mon': 10:00-21:00, 'tue': 10:00-21:00, 'wed': 10:00-21:00, 'thu': 10:00-21:00, 'fri': 10:00-21:00, 'sat': 10:00-21:00, 'sun': 10:00-21:00	https://yandex.ru/maps/org/wildberries/53569019196/?ll=47.182437%2C56.123547&z=13	4,9	36 отзывов		http://youtube.com/Wildberriesshop, https://ok.ru/wildberries, https://vk.com/club9695053	"остановка Микрорайон Финская долина (480 м)
остановка Улица Эльменя (690 м)
остановка ДК Салют (850 м)
остановка Улица Яноушека (1,38 км)
остановка ОАО Контур (1,62 км)
"	Пункт выдачи
53	Чебоксары	Пункты выдачи	Wildberries	просп. Геннадия Айги, 10, Чебоксары	[47.214007, 56.120724]	www.wildberries.ru	'mon': 09:00-20:00, 'tue': 09:00-20:00, 'wed': 09:00-20:00, 'thu': 09:00-20:00, 'fri': 09:00-20:00, 'sat': 09:00-20:00, 'sun': 09:00-20:00	https://yandex.ru/maps/org/wildberries/30634196492/?ll=47.213798%2C56.120628&z=16	4,2	5 отзывов		http://youtube.com/Wildberriesshop, https://ok.ru/wildberries, https://t.me/wildberriesru_official, https://vk.com/club9695053	"остановка Микрорайон Апельсиновый (284 м)
остановка Микрорайон Садовый (570 м)
остановка Техникум связи (1,08 км)
остановка Кошкино (1,09 км)
остановка Улица Яноушека (1,24 км)
"	Пункт выдачи
54	Чебоксары	Пункты выдачи	Wildberries	ул. Юрия Гагарина, 7, Чебоксары	[47.25402, 56.123839]	www.wildberries.ru	'mon': 10:00-21:00, 'tue': 10:00-21:00, 'wed': 10:00-21:00, 'thu': 10:00-21:00, 'fri': 10:00-21:00, 'sat': 10:00-21:00, 'sun': 10:00-21:00	https://yandex.ru/maps/org/wildberries/77015255437/?ll=47.254020%2C56.123839&z=13	4,8	25 отзывов		http://youtube.com/Wildberriesshop, https://ok.ru/wildberries, https://t.me/wildberriesru_official, https://vk.com/club9695053	"остановка Русский драмтеатр (92 м)
остановка Кинотеатр Мир Луксор (260 м)
остановка Торговый комплекс Центральный (291 м)
остановка Школьный проезд (420 м)
остановка Будайка (430 м)
"	Пункт выдачи
55	Чебоксары	Пункты выдачи	Ozon	ул. Богдана Хмельницкого, 65, Чебоксары	[47.228105, 56.122466]	www.ozon.ru	'mon': 09:00-21:00, 'tue': 09:00-21:00, 'wed': 09:00-21:00, 'thu': 09:00-21:00, 'fri': 09:00-21:00, 'sat': 09:00-21:00, 'sun': 09:00-21:00	https://yandex.ru/maps/org/ozon/5613409258/?ll=47.228396%2C56.122520&z=16	4,4	7 отзывов	+7(495)232-10-00, +7(937)017-99-99	https://ok.ru/ozon, https://t.me/ozonru, https://vk.com/ozon	"остановка Улица Богдана Хмельницкого (183 м)
остановка Мебельная фабрика (1,28 км)
остановка Улица Чкалова (1,29 км)
остановка ТК Центральный (1,68 км)
"	Пункт выдачи
56	Чебоксары	Пункты выдачи	Ozon	просп. Ленина, 3, Чебоксары	[47.247035, 56.131227]	www.ozon.ru	'mon': 08:00-20:00, 'tue': 08:00-20:00, 'wed': 08:00-20:00, 'thu': 08:00-20:00, 'fri': 08:00-20:00, 'sat': 08:00-20:00, 'sun': 08:00-20:00	https://yandex.ru/maps/org/ozon/28473933361/?ll=47.247035%2C56.131227&z=13	4,1	6 отзывов	+7(937)957-77-17, +7(495)232-10-00	https://ok.ru/ozon, https://vk.com/ozon	"остановка Гостиница Чувашия (38 м)
остановка Московский политех (350 м)
остановка Гимназическая (710 м)
остановка Русский драмтеатр (1,08 км)
остановка Улица Суворова (1,26 км)
"	Пункт выдачи
57	Чебоксары	Пункты выдачи	Ozon	Социалистическая ул., 7, корп. 2, Чебоксары	[47.176901, 56.108907]	www.ozon.ru	'mon': 09:00-21:00, 'tue': 09:00-21:00, 'wed': 09:00-21:00, 'thu': 09:00-21:00, 'fri': 09:00-21:00, 'sat': 09:00-21:00, 'sun': 09:00-21:00	https://yandex.ru/maps/org/ozon/166785830706/?ll=47.176901%2C56.108907&z=13	4,4	18 отзывов	+7(495)232-10-00	https://ok.ru/ozon, https://vk.com/ozon	"остановка ДК Ровесник (140 м)
остановка Лицей № 4 (740 м)
остановка Улица Чернышевского (870 м)
остановка Хлебозавод (900 м)
"	Пункт выдачи
58	Чебоксары	Пункты выдачи	KazanExpress	Эгерский бул., 33, Чебоксары	[47.282213, 56.099792]	kazanexpress.ru	'mon': 10:00-20:00, 'tue': 10:00-20:00, 'wed': 10:00-20:00, 'thu': 10:00-20:00, 'fri': 10:00-20:00, 'sat': 10:00-20:00, 'sun': 10:00-20:00	https://yandex.ru/maps/org/kazanexpress/116798279366/?ll=47.282213%2C56.099792&z=13	5,0	61 отзыв	+7(903)064-46-56, 8(800)700-96-16	https://t.me/kazanexpress, https://vk.com/kazanexpress	"остановка Универмаг Шупашкар (113 м)
остановка Эгерский бульвар (310 м)
остановка Улица Шумилова (350 м)
остановка Дворец культуры (480 м)
остановка Улица Ленинского Комсомола (880 м)
"	Пункт выдачи
59	Чебоксары	Пункты выдачи	Wildberries	Базарная ул., 10, Чебоксары	[47.255224, 56.135404]	www.wildberries.ru	'mon': 10:00-21:00, 'tue': 10:00-21:00, 'wed': 10:00-21:00, 'thu': 10:00-21:00, 'fri': 10:00-21:00, 'sat': 10:00-21:00, 'sun': 10:00-21:00	https://yandex.ru/maps/org/wildberries/196121678066/?ll=47.255224%2C56.135404&z=13	4,3	18 отзывов		http://youtube.com/Wildberriesshop, https://ok.ru/wildberries, https://vk.com/club9695053	"остановка Поликлиника МВД (470 м)
остановка Дом торговли (780 м)
остановка Дворец детского творчества (1,18 км)
остановка Национальный конгресс (1,27 км)
остановка Московский политех (1,44 км)
"	Пункт выдачи
60	Чебоксары	Пункты выдачи	Wildberries	бул. Юности, 3, Чебоксары	[47.161588, 56.136511]	www.wildberries.ru	'mon': 10:00-21:00, 'tue': 10:00-21:00, 'wed': 10:00-21:00, 'thu': 10:00-21:00, 'fri': 10:00-21:00, 'sat': 10:00-21:00, 'sun': 10:00-21:00	https://yandex.ru/maps/org/wildberries/216567566517/?ll=47.161588%2C56.136511&z=14	4,2	15 отзывов		http://youtube.com/Wildberriesshop, https://ok.ru/wildberries, https://vk.com/club9695053	"остановка Улица Мичмана Павлова (240 м)
остановка Бульвар Юности (259 м)
остановка Грязелечебница (690 м)
остановка Магазин Акатуй (900 м)
остановка ОАО Контур (950 м)
"	Пункт выдачи
61	Чебоксары	Пункты выдачи	Wildberries	ул. Болгарстроя, 9/11, микрорайон Альгешево, Чебоксары	[47.281547, 56.069481]	www.wildberries.ru	'mon': 10:00-21:00, 'tue': 10:00-21:00, 'wed': 10:00-21:00, 'thu': 10:00-21:00, 'fri': 10:00-21:00, 'sat': 10:00-21:00, 'sun': 10:00-21:00	https://yandex.ru/maps/org/wildberries/97517894648/?ll=47.281415%2C56.069831&z=16	4,7	29 отзывов		http://youtube.com/Wildberriesshop, https://ok.ru/wildberries, https://vk.com/club9695053	"остановка Улица Розы Люксембург (174 м)
остановка Южная улица (610 м)
остановка Альгешево (710 м)
остановка Улица Рихарда Зорге (890 м)
остановка Улица Сапожникова (1,49 км)
"	Пункт выдачи
62	Чебоксары	Пункты выдачи	Ozon	просп. Ленина, 39, Чебоксары	[47.256265, 56.120174]	www.ozon.ru	'mon': 09:00-21:00, 'tue': 09:00-21:00, 'wed': 09:00-21:00, 'thu': 09:00-21:00, 'fri': 09:00-21:00, 'sat': 09:00-21:00, 'sun': 09:00-21:00	https://yandex.ru/maps/org/ozon/150420088655/?ll=47.256265%2C56.120174&z=13	4,3	10 отзывов	+7(495)232-10-00	https://ok.ru/ozon, https://vk.com/ozon	"остановка Улица Николаева (156 м)
остановка Улица Космонавта Николаева (310 м)
остановка Школьный проезд (410 м)
остановка Русский драмтеатр (510 м)
остановка Парк Николаева (510 м)
"	Пункт выдачи
63	Чебоксары	Пункты выдачи	Ozon	просп. Тракторостроителей, 63/21, Чебоксары	[47.315991, 56.105084]	www.ozon.ru	'mon': 09:00-21:00, 'tue': 09:00-21:00, 'wed': 09:00-21:00, 'thu': 09:00-21:00, 'fri': 09:00-21:00, 'sat': 09:00-21:00, 'sun': 09:00-21:00	https://yandex.ru/maps/org/ozon/7457714814/?ll=47.315991%2C56.105084&z=14	4,3	6 отзывов	+7(495)232-10-00	https://ok.ru/ozon, https://t.me/ozonru, https://vk.com/ozon	"остановка Улица Гастелло (115 м)
остановка Улица Баумана (350 м)
остановка Микрорайон Солнечный (580 м)
остановка Кочаково (680 м)
остановка Школа № 56 (720 м)
"	Пункт выдачи
64	Чебоксары	Пункты выдачи	Ozon	ул. Ленинского Комсомола, 34/8к1, Чебоксары	[47.280145, 56.106497]	www.ozon.ru	'mon': 09:00-21:00, 'tue': 09:00-21:00, 'wed': 09:00-21:00, 'thu': 09:00-21:00, 'fri': 09:00-21:00, 'sat': 09:00-21:00, 'sun': 09:00-21:00	https://yandex.ru/maps/org/ozon/133174337953/?ll=47.280145%2C56.106497&z=15	4,3	1 отзыв	+7(495)232-10-00, +7(953)897-54-74	https://ok.ru/ozon, https://vk.com/ozon	"остановка Улица Ленинского Комсомола (66 м)
остановка Улица Шумилова (470 м)
остановка Хевешская улица (470 м)
остановка Новый автовокзал (800 м)
остановка Автовокзал (990 м)
"	Пункт выдачи
65	Чебоксары	Пункты выдачи	Wildberries	Хевешская ул., 34, Чебоксары	[47.276847, 56.108507]	www.wildberries.ru	'mon': 10:00-21:00, 'tue': 10:00-21:00, 'wed': 10:00-21:00, 'thu': 10:00-21:00, 'fri': 10:00-21:00, 'sat': 10:00-21:00, 'sun': 10:00-21:00	https://yandex.ru/maps/org/wildberries/198874964372/?ll=47.276847%2C56.108507&z=14	4,4	6 отзывов	8(800)100-75-05	http://youtube.com/Wildberriesshop, https://ok.ru/wildberries, https://vk.com/club9695053	"остановка Хевешская улица (205 м)
остановка Улица Ленинского Комсомола (330 м)
остановка Магазин Надежда (470 м)
остановка Автовокзал (760 м)
остановка Новый автовокзал (770 м)
"	Пункт выдачи
66	Чебоксары	Пункты выдачи	Lamoda	ул. Карла Маркса, 31, Чебоксары	[47.249761, 56.139322]	www.lamoda.ru	'mon': 10:00-21:00, 'tue': 10:00-21:00, 'wed': 10:00-21:00, 'thu': 10:00-21:00, 'fri': 10:00-21:00, 'sat': 10:00-21:00, 'sun': 10:00-21:00	https://yandex.ru/maps/org/lamoda/201907636082/?ll=47.249761%2C56.139322&z=13	4,5	25 отзывов	8(800)700-64-46 {Единый колл-центр}, 8(800)250-44-34, +7(499)500-49-59 {Московский}, +7(987)120-13-03	http://vk.com/lamodaru, http://www.youtube.com/user/LamodaruTV	"остановка Площадь Республики (121 м)
остановка Храм Рождества Христова (198 м)
остановка Национальный конгресс (500 м)
остановка Дворец детского творчества (600 м)
остановка Дом мод (690 м)
"	Пункт выдачи
67	Чебоксары	Пункты выдачи	Wildberries	ул. Энтузиастов, 9, Чебоксары	[47.197917, 56.126165]	www.wildberries.ru	'mon': 10:00-21:00, 'tue': 10:00-21:00, 'wed': 10:00-21:00, 'thu': 10:00-21:00, 'fri': 10:00-21:00, 'sat': 10:00-21:00, 'sun': 10:00-21:00	https://yandex.ru/maps/org/wildberries/49742618312/?ll=47.197917%2C56.126165&z=13	4,8	45 отзывов		http://youtube.com/Wildberriesshop, https://ok.ru/wildberries, https://t.me/wildberriesru_official, https://vk.com/club9695053	"остановка Улица Грасиса (69 м)
остановка Улица Олега Кошевого (460 м)
остановка Улица Яноушека (650 м)
остановка Гражданская улица (1 км)
"	Пункт выдачи
68	Чебоксары	Пункты выдачи	Ozon	ул. Юрия Гагарина, 27, Чебоксары	[47.267868, 56.128927]	www.ozon.ru	'mon': 09:00-21:00, 'tue': 09:00-21:00, 'wed': 09:00-21:00, 'thu': 09:00-21:00, 'fri': 09:00-21:00, 'sat': 09:00-21:00, 'sun': 09:00-21:00	https://yandex.ru/maps/org/ozon/67351491171/?ll=47.267868%2C56.128927&z=14	4,4	6 отзывов	+7(495)232-10-00	https://ok.ru/ozon, https://t.me/ozonru, https://vk.com/ozon	"остановка Гостиница Россия (282 м)
остановка Стадион Олимпийский (510 м)
остановка Улица 50 лет Октября (970 м)
остановка Гимназическая (1,11 км)
остановка Русский драмтеатр (1,15 км)
"	Пункт выдачи
69	Чебоксары	Пункты выдачи	Ozon	ул. Правая наб. Сугутки, 1, Чебоксары	[47.225187, 56.130827]	www.ozon.ru	'mon': 09:00-21:00, 'tue': 09:00-21:00, 'wed': 09:00-21:00, 'thu': 09:00-21:00, 'fri': 09:00-21:00, 'sat': 09:00-21:00, 'sun': 09:00-21:00	https://yandex.ru/maps/org/ozon/54497500577/?ll=47.225187%2C56.130827&z=13	4,8	15 отзывов	+7(495)232-10-00	https://ok.ru/ozon, https://vk.com/ozon	"остановка Свечкино (370 м)
остановка Улица Богдана Хмельницкого (1,09 км)
остановка Гражданская улица (1,19 км)
остановка Московский политех (1,51 км)
остановка Школа № 9 (1,54 км)
"	Пункт выдачи
70	Чебоксары	Пункты выдачи	Wildberries	Гражданская ул., 133/1, Чебоксары	[47.183393, 56.111254]	www.wildberries.ru	'mon': 10:00-21:00, 'tue': 10:00-21:00, 'wed': 10:00-21:00, 'thu': 10:00-21:00, 'fri': 10:00-21:00, 'sat': 10:00-21:00, 'sun': 10:00-21:00	https://yandex.ru/maps/org/wildberries/105868352323/?ll=47.183393%2C56.111254&z=14	4,4	16 отзывов	8(800)100-75-05	https://ok.ru/wildberries, https://t.me/wildberriesru_official, https://vk.com/club9695053, https://www.youtube.com/channel/UCtnVdR1jFU2tqJvpoh9Iwxw	"остановка Лицей № 4 (350 м)
остановка Улица Чернышевского (360 м)
остановка Хлебозавод (740 м)
"	Пункт выдачи
71	Чебоксары	Пункты выдачи	Wildberries	просп. 9-й Пятилетки, 18, корп. 2, Чебоксары	[47.278833, 56.096535]	www.wildberries.ru	'mon': 10:00-21:00, 'tue': 10:00-21:00, 'wed': 10:00-21:00, 'thu': 10:00-21:00, 'fri': 10:00-21:00, 'sat': 10:00-21:00, 'sun': 10:00-21:00	https://yandex.ru/maps/org/wildberries/197095776116/?ll=47.278833%2C56.096535&z=14	4,4	24 отзыва		http://youtube.com/Wildberriesshop, https://ok.ru/wildberries, https://vk.com/club9695053	"остановка Улица Хузангая (205 м)
остановка Дворец культуры (420 м)
остановка Универмаг Шупашкар (540 м)
остановка Питомник (910 м)
остановка Улица Шумилова (970 м)
"	Пункт выдачи
72	Чебоксары	Пункты выдачи	Яндекс Маркет	ул. П.В. Дементьева, 2, корп. 2, Чебоксары	[47.212342, 56.120822]	market.yandex.ru	'mon': 09:00-21:00, 'tue': 09:00-21:00, 'wed': 09:00-21:00, 'thu': 09:00-21:00, 'fri': 09:00-21:00, 'sat': 09:00-21:00, 'sun': 09:00-21:00	https://yandex.ru/maps/org/yandeks_market/92014872570/?ll=47.211516%2C56.120678&z=16	4,5	8 отзывов	+7(495)157-00-20	https://vk.com/Yandex	"остановка Микрорайон Апельсиновый (390 м)
остановка Микрорайон Садовый (640 м)
остановка Техникум связи (980 м)
остановка Улица Яноушека (1,13 км)
остановка Кошкино (1,21 км)
"	Пункт выдачи
73	Чебоксары	Пункты выдачи	Ozon	Московский просп., 12, Чебоксары	[47.229773, 56.146555]	www.ozon.ru	'mon': 09:00-21:00, 'tue': 09:00-21:00, 'wed': 09:00-21:00, 'thu': 09:00-21:00, 'fri': 09:00-21:00, 'sat': 09:00-21:00, 'sun': 09:00-21:00	https://yandex.ru/maps/org/ozon/148880814620/?ll=47.229773%2C56.146555&z=13	4,7	9 отзывов	+7(495)232-10-00	https://ok.ru/ozon, https://t.me/ozonru, https://vk.com/ozon	"остановка Театр оперы и балета (124 м)
остановка Кооперативный техникум (420 м)
"	Пункт выдачи
74	Чебоксары	Пункты выдачи	KazanExpress	ул. Ленинского Комсомола, 23, корп. 3, Чебоксары	[47.286419, 56.108341]	kazanexpress.ru	'mon': 10:00-20:00, 'tue': 10:00-20:00, 'wed': 10:00-20:00, 'thu': 10:00-20:00, 'fri': 10:00-20:00, 'sat': 10:00-20:00, 'sun': 10:00-20:00	https://yandex.ru/maps/org/kazanexpress/35869680034/?ll=47.286419%2C56.108341&z=14	5,0	50 отзывов	+7(960)300-33-12, 8(800)700-96-16	https://ok.ru/kazanexpress, https://t.me/kazanexpress, https://vk.com/kazanexpress	"остановка Универсам Звёздный (119 м)
остановка Улица Ленинского Комсомола (550 м)
остановка Малая Кувшинка (680 м)
остановка Хевешская улица (910 м)
остановка Улица Шумилова (1,04 км)
"	Пункт выдачи
75	Чебоксары	Пункты выдачи	Wildberries	ул. 139-й Стрелковой Дивизии, 22, Чебоксары	[47.171017, 56.144409]	www.wildberries.ru	'mon': 10:00-21:00, 'tue': 10:00-21:00, 'wed': 10:00-21:00, 'thu': 10:00-21:00, 'fri': 10:00-21:00, 'sat': 10:00-21:00, 'sun': 10:00-21:00	https://yandex.ru/maps/org/wildberries/235112693368/?ll=47.171017%2C56.144409&z=13	4,7	8 отзывов		http://youtube.com/Wildberriesshop, https://ok.ru/wildberries, https://vk.com/club9695053	"остановка Улица Ахазова (236 м)
остановка Магазин Акатуй (400 м)
остановка ТК Московский (510 м)
остановка Грязелечебница (800 м)
остановка Магазин Природа (1,02 км)
"	Пункт выдачи
